Algorithm,Problem,ExecutionId,IndicatorName,IndicatorValue
gGA,SSA,0,Fitness,300434.0
gGA,SSA,1,Fitness,300426.0
gGA,SSA,10,Fitness,299723.0
gGA,SSA,11,Fitness,300186.0
gGA,SSA,12,Fitness,300475.0
gGA,SSA,13,Fitness,300410.0
gGA,SSA,14,Fitness,299782.0
gGA,SSA,15,Fitness,300383.0
gGA,SSA,16,Fitness,300256.0
gGA,SSA,17,Fitness,300424.0
gGA,SSA,18,Fitness,300194.0
gGA,SSA,19,Fitness,300308.0
gGA,SSA,2,Fitness,300290.0
gGA,SSA,20,Fitness,300336.0
gGA,SSA,21,Fitness,300448.0
gGA,SSA,22,Fitness,300356.0
gGA,SSA,23,Fitness,300217.0
gGA,SSA,24,Fitness,300482.0
gGA,SSA,25,Fitness,300366.0
gGA,SSA,26,Fitness,299943.0
gGA,SSA,27,Fitness,300383.0
gGA,SSA,28,Fitness,300283.0
gGA,SSA,29,Fitness,300373.0
gGA,SSA,3,Fitness,300407.0
gGA,SSA,30,Fitness,300347.0
gGA,SSA,4,Fitness,300140.0
gGA,SSA,5,Fitness,299760.0
gGA,SSA,6,Fitness,299435.0
gGA,SSA,7,Fitness,300271.0
gGA,SSA,8,Fitness,300386.0
gGA,SSA,9,Fitness,300093.0
gGA,SSA,0,Time,1.0009849071502686
gGA,SSA,1,Time,1.0000121593475342
gGA,SSA,10,Time,1.0040111541748047
gGA,SSA,11,Time,1.0030109882354736
gGA,SSA,12,Time,1.002002477645874
gGA,SSA,13,Time,1.002012014389038
gGA,SSA,14,Time,1.0039963722229004
gGA,SSA,15,Time,1.003007173538208
gGA,SSA,16,Time,1.0010080337524414
gGA,SSA,17,Time,1.0009949207305908
gGA,SSA,18,Time,1.000988245010376
gGA,SSA,19,Time,1.0070796012878418
gGA,SSA,2,Time,1.0049896240234375
gGA,SSA,20,Time,1.0019996166229248
gGA,SSA,21,Time,1.001011848449707
gGA,SSA,22,Time,1.004011869430542
gGA,SSA,23,Time,1.003000020980835
gGA,SSA,24,Time,1.0020925998687744
gGA,SSA,25,Time,1.003889560699463
gGA,SSA,26,Time,1.0000081062316895
gGA,SSA,27,Time,1.003009557723999
gGA,SSA,28,Time,1.0040006637573242
gGA,SSA,29,Time,1.0040106773376465
gGA,SSA,3,Time,1.0040080547332764
gGA,SSA,30,Time,1.0039892196655273
gGA,SSA,4,Time,1.0019004344940186
gGA,SSA,5,Time,1.002990961074829
gGA,SSA,6,Time,1.002011775970459
gGA,SSA,7,Time,1.0030121803283691
gGA,SSA,8,Time,1.0040075778961182
gGA,SSA,9,Time,1.0010113716125488
gGA,SSB,0,Fitness,247649.0
gGA,SSB,1,Fitness,249808.0
gGA,SSB,10,Fitness,248585.0
gGA,SSB,11,Fitness,245198.0
gGA,SSB,12,Fitness,249617.0
gGA,SSB,13,Fitness,249073.0
gGA,SSB,14,Fitness,248825.0
gGA,SSB,15,Fitness,249381.0
gGA,SSB,16,Fitness,249990.0
gGA,SSB,17,Fitness,249769.0
gGA,SSB,18,Fitness,248986.0
gGA,SSB,19,Fitness,247861.0
gGA,SSB,2,Fitness,249274.0
gGA,SSB,20,Fitness,247120.0
gGA,SSB,21,Fitness,248242.0
gGA,SSB,22,Fitness,247020.0
gGA,SSB,23,Fitness,249917.0
gGA,SSB,24,Fitness,249122.0
gGA,SSB,25,Fitness,247545.0
gGA,SSB,26,Fitness,247749.0
gGA,SSB,27,Fitness,249987.0
gGA,SSB,28,Fitness,249377.0
gGA,SSB,29,Fitness,241703.0
gGA,SSB,3,Fitness,249164.0
gGA,SSB,30,Fitness,246029.0
gGA,SSB,4,Fitness,242704.0
gGA,SSB,5,Fitness,249356.0
gGA,SSB,6,Fitness,243925.0
gGA,SSB,7,Fitness,249975.0
gGA,SSB,8,Fitness,248343.0
gGA,SSB,9,Fitness,245064.0
gGA,SSB,0,Time,1.005000114440918
gGA,SSB,1,Time,1.0020155906677246
gGA,SSB,10,Time,1.0039889812469482
gGA,SSB,11,Time,1.0029993057250977
gGA,SSB,12,Time,1.0029990673065186
gGA,SSB,13,Time,1.0020112991333008
gGA,SSB,14,Time,1.0019938945770264
gGA,SSB,15,Time,1.0031042098999023
gGA,SSB,16,Time,1.0030107498168945
gGA,SSB,17,Time,1.0050151348114014
gGA,SSB,18,Time,1.005997896194458
gGA,SSB,19,Time,1.0039989948272705
gGA,SSB,2,Time,1.0040168762207031
gGA,SSB,20,Time,1.003988265991211
gGA,SSB,21,Time,1.0000109672546387
gGA,SSB,22,Time,1.000997543334961
gGA,SSB,23,Time,1.0040082931518555
gGA,SSB,24,Time,1.0049984455108643
gGA,SSB,25,Time,1.000009536743164
gGA,SSB,26,Time,1.0019989013671875
gGA,SSB,27,Time,1.0049920082092285
gGA,SSB,28,Time,1.001997947692871
gGA,SSB,29,Time,1.001009225845337
gGA,SSB,3,Time,1.000999927520752
gGA,SSB,30,Time,1.001009464263916
gGA,SSB,4,Time,1.0039896965026855
gGA,SSB,5,Time,1.0049974918365479
gGA,SSB,6,Time,1.002995252609253
gGA,SSB,7,Time,1.0020074844360352
gGA,SSB,8,Time,1.005000114440918
gGA,SSB,9,Time,1.0030064582824707
gGA,SSC,0,Fitness,137901.9
gGA,SSC,1,Fitness,135882.2
gGA,SSC,10,Fitness,138818.7
gGA,SSC,11,Fitness,137406.1
gGA,SSC,12,Fitness,136661.2
gGA,SSC,13,Fitness,137794.5
gGA,SSC,14,Fitness,136523.0
gGA,SSC,15,Fitness,136508.8
gGA,SSC,16,Fitness,137234.5
gGA,SSC,17,Fitness,138145.3
gGA,SSC,18,Fitness,135517.0
gGA,SSC,19,Fitness,136464.5
gGA,SSC,2,Fitness,135350.8
gGA,SSC,20,Fitness,137920.0
gGA,SSC,21,Fitness,136214.7
gGA,SSC,22,Fitness,136396.0
gGA,SSC,23,Fitness,138293.1
gGA,SSC,24,Fitness,136452.8
gGA,SSC,25,Fitness,137856.6
gGA,SSC,26,Fitness,137047.4
gGA,SSC,27,Fitness,136486.4
gGA,SSC,28,Fitness,136832.6
gGA,SSC,29,Fitness,136431.4
gGA,SSC,3,Fitness,138395.2
gGA,SSC,30,Fitness,138563.1
gGA,SSC,4,Fitness,139344.6
gGA,SSC,5,Fitness,138151.7
gGA,SSC,6,Fitness,137211.6
gGA,SSC,7,Fitness,139125.4
gGA,SSC,8,Fitness,139663.4
gGA,SSC,9,Fitness,137295.5
gGA,SSC,0,Time,1.0060009956359863
gGA,SSC,1,Time,1.0049879550933838
gGA,SSC,10,Time,1.00301194190979
gGA,SSC,11,Time,1.002995252609253
gGA,SSC,12,Time,1.003000259399414
gGA,SSC,13,Time,1.0020058155059814
gGA,SSC,14,Time,1.000985860824585
gGA,SSC,15,Time,1.0040102005004883
gGA,SSC,16,Time,1.005007266998291
gGA,SSC,17,Time,1.0040004253387451
gGA,SSC,18,Time,1.0000088214874268
gGA,SSC,19,Time,1.002988576889038
gGA,SSC,2,Time,1.003990650177002
gGA,SSC,20,Time,1.0039992332458496
gGA,SSC,21,Time,1.005012035369873
gGA,SSC,22,Time,1.0049991607666016
gGA,SSC,23,Time,1.002012014389038
gGA,SSC,24,Time,1.003047227859497
gGA,SSC,25,Time,1.0039784908294678
gGA,SSC,26,Time,1.001006841659546
gGA,SSC,27,Time,1.0030121803283691
gGA,SSC,28,Time,1.0000109672546387
gGA,SSC,29,Time,1.0050008296966553
gGA,SSC,3,Time,1.0019817352294922
gGA,SSC,30,Time,1.0009992122650146
gGA,SSC,4,Time,1.0010111331939697
gGA,SSC,5,Time,1.0030121803283691
gGA,SSC,6,Time,1.0040066242218018
gGA,SSC,7,Time,1.0029902458190918
gGA,SSC,8,Time,1.002012014389038
gGA,SSC,9,Time,1.004011631011963
gGA,SSD,0,Fitness,70664.4
gGA,SSD,1,Fitness,72532.5
gGA,SSD,10,Fitness,70607.0
gGA,SSD,11,Fitness,71604.1
gGA,SSD,12,Fitness,70270.1
gGA,SSD,13,Fitness,74835.9
gGA,SSD,14,Fitness,75404.4
gGA,SSD,15,Fitness,71020.9
gGA,SSD,16,Fitness,74028.5
gGA,SSD,17,Fitness,71929.6
gGA,SSD,18,Fitness,71924.5
gGA,SSD,19,Fitness,73189.8
gGA,SSD,2,Fitness,75804.3
gGA,SSD,20,Fitness,71324.3
gGA,SSD,21,Fitness,71769.7
gGA,SSD,22,Fitness,71975.4
gGA,SSD,23,Fitness,71849.9
gGA,SSD,24,Fitness,70594.3
gGA,SSD,25,Fitness,71586.7
gGA,SSD,26,Fitness,72539.2
gGA,SSD,27,Fitness,74436.7
gGA,SSD,28,Fitness,74820.1
gGA,SSD,29,Fitness,71395.3
gGA,SSD,3,Fitness,75068.5
gGA,SSD,30,Fitness,72458.6
gGA,SSD,4,Fitness,73581.4
gGA,SSD,5,Fitness,72096.7
gGA,SSD,6,Fitness,72397.3
gGA,SSD,7,Fitness,71763.5
gGA,SSD,8,Fitness,72464.2
gGA,SSD,9,Fitness,72121.4
gGA,SSD,0,Time,1.0020115375518799
gGA,SSD,1,Time,1.0000014305114746
gGA,SSD,10,Time,1.0040009021759033
gGA,SSD,11,Time,1.005066156387329
gGA,SSD,12,Time,1.0049993991851807
gGA,SSD,13,Time,1.0030004978179932
gGA,SSD,14,Time,1.004995584487915
gGA,SSD,15,Time,1.0049998760223389
gGA,SSD,16,Time,1.0020079612731934
gGA,SSD,17,Time,1.000011682510376
gGA,SSD,18,Time,1.003000259399414
gGA,SSD,19,Time,1.0050079822540283
gGA,SSD,2,Time,1.0039997100830078
gGA,SSD,20,Time,1.0019989013671875
gGA,SSD,21,Time,1.0030114650726318
gGA,SSD,22,Time,1.0049996376037598
gGA,SSD,23,Time,1.0060062408447266
gGA,SSD,24,Time,1.0000765323638916
gGA,SSD,25,Time,1.0030086040496826
gGA,SSD,26,Time,1.0030059814453125
gGA,SSD,27,Time,1.001011848449707
gGA,SSD,28,Time,1.0019981861114502
gGA,SSD,29,Time,1.0010101795196533
gGA,SSD,3,Time,1.000000238418579
gGA,SSD,30,Time,1.0049998760223389
gGA,SSD,4,Time,1.003018856048584
gGA,SSD,5,Time,1.0059878826141357
gGA,SSD,6,Time,1.0010113716125488
gGA,SSD,7,Time,1.0060110092163086
gGA,SSD,8,Time,1.0050113201141357
gGA,SSD,9,Time,1.0009994506835938
RandomSearch,SSA,0,Fitness,299945.0
RandomSearch,SSA,1,Fitness,297143.0
RandomSearch,SSA,10,Fitness,299983.0
RandomSearch,SSA,11,Fitness,298264.0
RandomSearch,SSA,12,Fitness,299301.0
RandomSearch,SSA,13,Fitness,299136.0
RandomSearch,SSA,14,Fitness,297657.0
RandomSearch,SSA,15,Fitness,297592.0
RandomSearch,SSA,16,Fitness,297319.0
RandomSearch,SSA,17,Fitness,300061.0
RandomSearch,SSA,18,Fitness,299804.0
RandomSearch,SSA,19,Fitness,299728.0
RandomSearch,SSA,2,Fitness,298815.0
RandomSearch,SSA,20,Fitness,298496.0
RandomSearch,SSA,21,Fitness,299410.0
RandomSearch,SSA,22,Fitness,299606.0
RandomSearch,SSA,23,Fitness,299527.0
RandomSearch,SSA,24,Fitness,299901.0
RandomSearch,SSA,25,Fitness,299521.0
RandomSearch,SSA,26,Fitness,299423.0
RandomSearch,SSA,27,Fitness,299704.0
RandomSearch,SSA,28,Fitness,300063.0
RandomSearch,SSA,29,Fitness,298404.0
RandomSearch,SSA,3,Fitness,298465.0
RandomSearch,SSA,30,Fitness,299856.0
RandomSearch,SSA,4,Fitness,300425.0
RandomSearch,SSA,5,Fitness,300287.0
RandomSearch,SSA,6,Fitness,300263.0
RandomSearch,SSA,7,Fitness,298225.0
RandomSearch,SSA,8,Fitness,298430.0
RandomSearch,SSA,9,Fitness,300490.0
RandomSearch,SSA,0,Time,1.000000238418579
RandomSearch,SSA,1,Time,1.000002145767212
RandomSearch,SSA,10,Time,1.0020008087158203
RandomSearch,SSA,11,Time,1.000000238418579
RandomSearch,SSA,12,Time,1.000016689300537
RandomSearch,SSA,13,Time,1.0010075569152832
RandomSearch,SSA,14,Time,1.000988245010376
RandomSearch,SSA,15,Time,1.0000004768371582
RandomSearch,SSA,16,Time,1.0000078678131104
RandomSearch,SSA,17,Time,1.0009994506835938
RandomSearch,SSA,18,Time,1.000000238418579
RandomSearch,SSA,19,Time,1.0000178813934326
RandomSearch,SSA,2,Time,1.0009889602661133
RandomSearch,SSA,20,Time,1.0000653266906738
RandomSearch,SSA,21,Time,1.0000064373016357
RandomSearch,SSA,22,Time,1.0017280578613281
RandomSearch,SSA,23,Time,1.000999927520752
RandomSearch,SSA,24,Time,1.0010173320770264
RandomSearch,SSA,25,Time,1.0008678436279297
RandomSearch,SSA,26,Time,1.0009992122650146
RandomSearch,SSA,27,Time,1.0
RandomSearch,SSA,28,Time,1.0008232593536377
RandomSearch,SSA,29,Time,1.0000107288360596
RandomSearch,SSA,3,Time,1.0000176429748535
RandomSearch,SSA,30,Time,1.0009996891021729
RandomSearch,SSA,4,Time,1.0000100135803223
RandomSearch,SSA,5,Time,1.0000109672546387
RandomSearch,SSA,6,Time,1.0
RandomSearch,SSA,7,Time,1.000002145767212
RandomSearch,SSA,8,Time,1.0000035762786865
RandomSearch,SSA,9,Time,1.0000114440917969
RandomSearch,SSB,0,Fitness,223372.6
RandomSearch,SSB,1,Fitness,246276.0
RandomSearch,SSB,10,Fitness,222902.2
RandomSearch,SSB,11,Fitness,224472.8
RandomSearch,SSB,12,Fitness,247121.0
RandomSearch,SSB,13,Fitness,246232.0
RandomSearch,SSB,14,Fitness,223799.4
RandomSearch,SSB,15,Fitness,249042.0
RandomSearch,SSB,16,Fitness,224122.8
RandomSearch,SSB,17,Fitness,244979.0
RandomSearch,SSB,18,Fitness,227037.0
RandomSearch,SSB,19,Fitness,224472.7
RandomSearch,SSB,2,Fitness,244306.0
RandomSearch,SSB,20,Fitness,235516.0
RandomSearch,SSB,21,Fitness,224998.8
RandomSearch,SSB,22,Fitness,224171.7
RandomSearch,SSB,23,Fitness,239188.0
RandomSearch,SSB,24,Fitness,245672.0
RandomSearch,SSB,25,Fitness,224744.6
RandomSearch,SSB,26,Fitness,224879.0
RandomSearch,SSB,27,Fitness,247057.0
RandomSearch,SSB,28,Fitness,246589.0
RandomSearch,SSB,29,Fitness,235750.0
RandomSearch,SSB,3,Fitness,223905.1
RandomSearch,SSB,30,Fitness,242161.0
RandomSearch,SSB,4,Fitness,223811.7
RandomSearch,SSB,5,Fitness,241475.0
RandomSearch,SSB,6,Fitness,244533.0
RandomSearch,SSB,7,Fitness,228014.0
RandomSearch,SSB,8,Fitness,248087.0
RandomSearch,SSB,9,Fitness,246907.0
RandomSearch,SSB,0,Time,1.0
RandomSearch,SSB,1,Time,1.0009222030639648
RandomSearch,SSB,10,Time,1.0009925365447998
RandomSearch,SSB,11,Time,1.0010161399841309
RandomSearch,SSB,12,Time,1.0000107288360596
RandomSearch,SSB,13,Time,1.0001952648162842
RandomSearch,SSB,14,Time,1.0001003742218018
RandomSearch,SSB,15,Time,1.000000238418579
RandomSearch,SSB,16,Time,1.0000097751617432
RandomSearch,SSB,17,Time,1.0000145435333252
RandomSearch,SSB,18,Time,1.0000076293945312
RandomSearch,SSB,19,Time,1.0010004043579102
RandomSearch,SSB,2,Time,1.0009891986846924
RandomSearch,SSB,20,Time,1.0
RandomSearch,SSB,21,Time,1.0009987354278564
RandomSearch,SSB,22,Time,1.000011682510376
RandomSearch,SSB,23,Time,1.0009872913360596
RandomSearch,SSB,24,Time,1.000990629196167
RandomSearch,SSB,25,Time,1.0000104904174805
RandomSearch,SSB,26,Time,1.0000059604644775
RandomSearch,SSB,27,Time,1.0000064373016357
RandomSearch,SSB,28,Time,1.000999927520752
RandomSearch,SSB,29,Time,1.000002384185791
RandomSearch,SSB,3,Time,1.0
RandomSearch,SSB,30,Time,1.000009298324585
RandomSearch,SSB,4,Time,1.000009536743164
RandomSearch,SSB,5,Time,1.0000171661376953
RandomSearch,SSB,6,Time,1.0000085830688477
RandomSearch,SSB,7,Time,1.0009922981262207
RandomSearch,SSB,8,Time,1.0000107288360596
RandomSearch,SSB,9,Time,1.000999927520752
RandomSearch,SSC,0,Fitness,138032.6
RandomSearch,SSC,1,Fitness,134431.8
RandomSearch,SSC,10,Fitness,135356.1
RandomSearch,SSC,11,Fitness,135314.3
RandomSearch,SSC,12,Fitness,132823.7
RandomSearch,SSC,13,Fitness,135753.5
RandomSearch,SSC,14,Fitness,134056.7
RandomSearch,SSC,15,Fitness,134033.5
RandomSearch,SSC,16,Fitness,134621.0
RandomSearch,SSC,17,Fitness,137026.7
RandomSearch,SSC,18,Fitness,137855.3
RandomSearch,SSC,19,Fitness,139460.6
RandomSearch,SSC,2,Fitness,136014.7
RandomSearch,SSC,20,Fitness,135267.5
RandomSearch,SSC,21,Fitness,133697.5
RandomSearch,SSC,22,Fitness,137540.6
RandomSearch,SSC,23,Fitness,135930.6
RandomSearch,SSC,24,Fitness,135575.7
RandomSearch,SSC,25,Fitness,135625.6
RandomSearch,SSC,26,Fitness,133016.1
RandomSearch,SSC,27,Fitness,134484.0
RandomSearch,SSC,28,Fitness,135610.0
RandomSearch,SSC,29,Fitness,134448.6
RandomSearch,SSC,3,Fitness,137314.6
RandomSearch,SSC,30,Fitness,135694.8
RandomSearch,SSC,4,Fitness,133932.9
RandomSearch,SSC,5,Fitness,137175.0
RandomSearch,SSC,6,Fitness,134059.3
RandomSearch,SSC,7,Fitness,136965.2
RandomSearch,SSC,8,Fitness,134501.5
RandomSearch,SSC,9,Fitness,138607.6
RandomSearch,SSC,0,Time,1.000009536743164
RandomSearch,SSC,1,Time,1.0
RandomSearch,SSC,10,Time,1.0000112056732178
RandomSearch,SSC,11,Time,1.000988245010376
RandomSearch,SSC,12,Time,1.0009973049163818
RandomSearch,SSC,13,Time,1.0009980201721191
RandomSearch,SSC,14,Time,1.0001356601715088
RandomSearch,SSC,15,Time,1.0009987354278564
RandomSearch,SSC,16,Time,1.0009973049163818
RandomSearch,SSC,17,Time,1.0000066757202148
RandomSearch,SSC,18,Time,1.0009891986846924
RandomSearch,SSC,19,Time,1.0009984970092773
RandomSearch,SSC,2,Time,1.0000054836273193
RandomSearch,SSC,20,Time,1.0009992122650146
RandomSearch,SSC,21,Time,1.001000165939331
RandomSearch,SSC,22,Time,1.0009989738464355
RandomSearch,SSC,23,Time,1.000859022140503
RandomSearch,SSC,24,Time,1.0009486675262451
RandomSearch,SSC,25,Time,1.0009994506835938
RandomSearch,SSC,26,Time,1.0
RandomSearch,SSC,27,Time,1.0009958744049072
RandomSearch,SSC,28,Time,1.0000035762786865
RandomSearch,SSC,29,Time,1.0000107288360596
RandomSearch,SSC,3,Time,1.0000929832458496
RandomSearch,SSC,30,Time,1.0002355575561523
RandomSearch,SSC,4,Time,1.0009996891021729
RandomSearch,SSC,5,Time,1.0000057220458984
RandomSearch,SSC,6,Time,1.000000238418579
RandomSearch,SSC,7,Time,1.0009889602661133
RandomSearch,SSC,8,Time,1.001014232635498
RandomSearch,SSC,9,Time,1.0
RandomSearch,SSD,0,Fitness,71065.4
RandomSearch,SSD,1,Fitness,69182.5
RandomSearch,SSD,10,Fitness,72392.1
RandomSearch,SSD,11,Fitness,70476.0
RandomSearch,SSD,12,Fitness,70460.9
RandomSearch,SSD,13,Fitness,69238.9
RandomSearch,SSD,14,Fitness,72800.7
RandomSearch,SSD,15,Fitness,69691.3
RandomSearch,SSD,16,Fitness,69707.5
RandomSearch,SSD,17,Fitness,70291.2
RandomSearch,SSD,18,Fitness,67840.2
RandomSearch,SSD,19,Fitness,69949.5
RandomSearch,SSD,2,Fitness,68502.8
RandomSearch,SSD,20,Fitness,70386.2
RandomSearch,SSD,21,Fitness,69053.3
RandomSearch,SSD,22,Fitness,71666.4
RandomSearch,SSD,23,Fitness,69167.5
RandomSearch,SSD,24,Fitness,68633.7
RandomSearch,SSD,25,Fitness,69740.0
RandomSearch,SSD,26,Fitness,71387.7
RandomSearch,SSD,27,Fitness,73257.5
RandomSearch,SSD,28,Fitness,68400.0
RandomSearch,SSD,29,Fitness,71835.3
RandomSearch,SSD,3,Fitness,70531.8
RandomSearch,SSD,30,Fitness,69788.5
RandomSearch,SSD,4,Fitness,71770.2
RandomSearch,SSD,5,Fitness,69254.3
RandomSearch,SSD,6,Fitness,70644.4
RandomSearch,SSD,7,Fitness,70280.6
RandomSearch,SSD,8,Fitness,69279.0
RandomSearch,SSD,9,Fitness,71657.8
RandomSearch,SSD,0,Time,1.0008022785186768
RandomSearch,SSD,1,Time,1.0010004043579102
RandomSearch,SSD,10,Time,1.0006752014160156
RandomSearch,SSD,11,Time,1.000000238418579
RandomSearch,SSD,12,Time,1.000121831893921
RandomSearch,SSD,13,Time,1.0000183582305908
RandomSearch,SSD,14,Time,1.000988483428955
RandomSearch,SSD,15,Time,1.0010077953338623
RandomSearch,SSD,16,Time,1.00001859664917
RandomSearch,SSD,17,Time,1.0010080337524414
RandomSearch,SSD,18,Time,1.0000073909759521
RandomSearch,SSD,19,Time,1.0000073909759521
RandomSearch,SSD,2,Time,1.0000009536743164
RandomSearch,SSD,20,Time,1.0000152587890625
RandomSearch,SSD,21,Time,1.000000238418579
RandomSearch,SSD,22,Time,1.000009536743164
RandomSearch,SSD,23,Time,1.0
RandomSearch,SSD,24,Time,1.000915765762329
RandomSearch,SSD,25,Time,1.001000165939331
RandomSearch,SSD,26,Time,1.0010077953338623
RandomSearch,SSD,27,Time,1.0000109672546387
RandomSearch,SSD,28,Time,1.0002224445343018
RandomSearch,SSD,29,Time,1.0000624656677246
RandomSearch,SSD,3,Time,1.0000123977661133
RandomSearch,SSD,30,Time,1.0010101795196533
RandomSearch,SSD,4,Time,1.0010154247283936
RandomSearch,SSD,5,Time,1.0009901523590088
RandomSearch,SSD,6,Time,1.0009918212890625
RandomSearch,SSD,7,Time,1.0000112056732178
RandomSearch,SSD,8,Time,1.0000109672546387
RandomSearch,SSD,9,Time,1.000000238418579
ssGA,SSA,0,Fitness,300416.0
ssGA,SSA,1,Fitness,300466.0
ssGA,SSA,10,Fitness,300434.0
ssGA,SSA,11,Fitness,300475.0
ssGA,SSA,12,Fitness,300473.0
ssGA,SSA,13,Fitness,300459.0
ssGA,SSA,14,Fitness,300451.0
ssGA,SSA,15,Fitness,300403.0
ssGA,SSA,16,Fitness,300431.0
ssGA,SSA,17,Fitness,300400.0
ssGA,SSA,18,Fitness,300495.0
ssGA,SSA,19,Fitness,300408.0
ssGA,SSA,2,Fitness,300449.0
ssGA,SSA,20,Fitness,300408.0
ssGA,SSA,21,Fitness,300383.0
ssGA,SSA,22,Fitness,300369.0
ssGA,SSA,23,Fitness,300497.0
ssGA,SSA,24,Fitness,300476.0
ssGA,SSA,25,Fitness,300491.0
ssGA,SSA,26,Fitness,300481.0
ssGA,SSA,27,Fitness,300495.0
ssGA,SSA,28,Fitness,300446.0
ssGA,SSA,29,Fitness,300467.0
ssGA,SSA,3,Fitness,300478.0
ssGA,SSA,30,Fitness,300482.0
ssGA,SSA,4,Fitness,300494.0
ssGA,SSA,5,Fitness,300471.0
ssGA,SSA,6,Fitness,300425.0
ssGA,SSA,7,Fitness,300375.0
ssGA,SSA,8,Fitness,300498.0
ssGA,SSA,9,Fitness,300487.0
ssGA,SSA,0,Time,1.0009899139404297
ssGA,SSA,1,Time,1.0009994506835938
ssGA,SSA,10,Time,1.0000190734863281
ssGA,SSA,11,Time,1.0000178813934326
ssGA,SSA,12,Time,1.0
ssGA,SSA,13,Time,1.0000114440917969
ssGA,SSA,14,Time,1.0000114440917969
ssGA,SSA,15,Time,1.000999927520752
ssGA,SSA,16,Time,1.000009298324585
ssGA,SSA,17,Time,1.000018835067749
ssGA,SSA,18,Time,1.0000090599060059
ssGA,SSA,19,Time,1.0000011920928955
ssGA,SSA,2,Time,1.0000016689300537
ssGA,SSA,20,Time,1.001000165939331
ssGA,SSA,21,Time,1.0000083446502686
ssGA,SSA,22,Time,1.000995397567749
ssGA,SSA,23,Time,1.0009992122650146
ssGA,SSA,24,Time,1.000000238418579
ssGA,SSA,25,Time,1.0
ssGA,SSA,26,Time,1.0009982585906982
ssGA,SSA,27,Time,1.0000097751617432
ssGA,SSA,28,Time,1.0000059604644775
ssGA,SSA,29,Time,1.0001335144042969
ssGA,SSA,3,Time,1.0000078678131104
ssGA,SSA,30,Time,1.0009913444519043
ssGA,SSA,4,Time,1.0000004768371582
ssGA,SSA,5,Time,1.0000154972076416
ssGA,SSA,6,Time,1.000999927520752
ssGA,SSA,7,Time,1.0009992122650146
ssGA,SSA,8,Time,1.0
ssGA,SSA,9,Time,1.000011920928955
ssGA,SSB,0,Fitness,249430.0
ssGA,SSB,1,Fitness,249507.0
ssGA,SSB,10,Fitness,249838.0
ssGA,SSB,11,Fitness,249700.0
ssGA,SSB,12,Fitness,249332.0
ssGA,SSB,13,Fitness,249749.0
ssGA,SSB,14,Fitness,249963.0
ssGA,SSB,15,Fitness,249178.0
ssGA,SSB,16,Fitness,249583.0
ssGA,SSB,17,Fitness,249736.0
ssGA,SSB,18,Fitness,249871.0
ssGA,SSB,19,Fitness,248725.0
ssGA,SSB,2,Fitness,249676.0
ssGA,SSB,20,Fitness,249693.0
ssGA,SSB,21,Fitness,249382.0
ssGA,SSB,22,Fitness,249712.0
ssGA,SSB,23,Fitness,249549.0
ssGA,SSB,24,Fitness,249504.0
ssGA,SSB,25,Fitness,249790.0
ssGA,SSB,26,Fitness,249828.0
ssGA,SSB,27,Fitness,249790.0
ssGA,SSB,28,Fitness,249902.0
ssGA,SSB,29,Fitness,249647.0
ssGA,SSB,3,Fitness,249971.0
ssGA,SSB,30,Fitness,249400.0
ssGA,SSB,4,Fitness,249944.0
ssGA,SSB,5,Fitness,249964.0
ssGA,SSB,6,Fitness,249745.0
ssGA,SSB,7,Fitness,249009.0
ssGA,SSB,8,Fitness,248685.0
ssGA,SSB,9,Fitness,248654.0
ssGA,SSB,0,Time,1.000000238418579
ssGA,SSB,1,Time,1.0000004768371582
ssGA,SSB,10,Time,1.0000097751617432
ssGA,SSB,11,Time,1.0000016689300537
ssGA,SSB,12,Time,1.000990629196167
ssGA,SSB,13,Time,1.0000004768371582
ssGA,SSB,14,Time,1.0000019073486328
ssGA,SSB,15,Time,1.0000114440917969
ssGA,SSB,16,Time,1.0000104904174805
ssGA,SSB,17,Time,1.0009896755218506
ssGA,SSB,18,Time,1.000018835067749
ssGA,SSB,19,Time,1.0009922981262207
ssGA,SSB,2,Time,1.0002131462097168
ssGA,SSB,20,Time,1.0000123977661133
ssGA,SSB,21,Time,1.000997543334961
ssGA,SSB,22,Time,1.0007555484771729
ssGA,SSB,23,Time,1.000011920928955
ssGA,SSB,24,Time,1.0009894371032715
ssGA,SSB,25,Time,1.0009925365447998
ssGA,SSB,26,Time,1.0
ssGA,SSB,27,Time,1.0000088214874268
ssGA,SSB,28,Time,1.0000183582305908
ssGA,SSB,29,Time,1.0000085830688477
ssGA,SSB,3,Time,1.0009920597076416
ssGA,SSB,30,Time,1.0009980201721191
ssGA,SSB,4,Time,1.0000090599060059
ssGA,SSB,5,Time,1.0000107288360596
ssGA,SSB,6,Time,1.0000190734863281
ssGA,SSB,7,Time,1.0000054836273193
ssGA,SSB,8,Time,1.0010097026824951
ssGA,SSB,9,Time,1.000009298324585
ssGA,SSC,0,Fitness,137348.8
ssGA,SSC,1,Fitness,138353.5
ssGA,SSC,10,Fitness,137118.8
ssGA,SSC,11,Fitness,138627.7
ssGA,SSC,12,Fitness,137981.7
ssGA,SSC,13,Fitness,139029.7
ssGA,SSC,14,Fitness,137305.5
ssGA,SSC,15,Fitness,136871.0
ssGA,SSC,16,Fitness,137326.5
ssGA,SSC,17,Fitness,139313.5
ssGA,SSC,18,Fitness,136635.3
ssGA,SSC,19,Fitness,137821.6
ssGA,SSC,2,Fitness,138572.6
ssGA,SSC,20,Fitness,139269.1
ssGA,SSC,21,Fitness,139556.5
ssGA,SSC,22,Fitness,137482.0
ssGA,SSC,23,Fitness,139574.5
ssGA,SSC,24,Fitness,139344.3
ssGA,SSC,25,Fitness,136247.0
ssGA,SSC,26,Fitness,138253.1
ssGA,SSC,27,Fitness,137029.4
ssGA,SSC,28,Fitness,136877.2
ssGA,SSC,29,Fitness,137754.5
ssGA,SSC,3,Fitness,141102.6
ssGA,SSC,30,Fitness,138870.4
ssGA,SSC,4,Fitness,137717.1
ssGA,SSC,5,Fitness,139310.2
ssGA,SSC,6,Fitness,138948.1
ssGA,SSC,7,Fitness,139006.2
ssGA,SSC,8,Fitness,139042.2
ssGA,SSC,9,Fitness,139143.8
ssGA,SSC,0,Time,1.0000200271606445
ssGA,SSC,1,Time,1.0
ssGA,SSC,10,Time,1.0008976459503174
ssGA,SSC,11,Time,1.0009925365447998
ssGA,SSC,12,Time,1.0
ssGA,SSC,13,Time,1.0000064373016357
ssGA,SSC,14,Time,1.0000114440917969
ssGA,SSC,15,Time,1.0000107288360596
ssGA,SSC,16,Time,1.000000238418579
ssGA,SSC,17,Time,1.0009922981262207
ssGA,SSC,18,Time,1.0009963512420654
ssGA,SSC,19,Time,1.000011682510376
ssGA,SSC,2,Time,1.000000238418579
ssGA,SSC,20,Time,1.000013828277588
ssGA,SSC,21,Time,1.0000030994415283
ssGA,SSC,22,Time,1.000267505645752
ssGA,SSC,23,Time,1.0009958744049072
ssGA,SSC,24,Time,1.000007152557373
ssGA,SSC,25,Time,1.0009875297546387
ssGA,SSC,26,Time,1.0000178813934326
ssGA,SSC,27,Time,1.0000927448272705
ssGA,SSC,28,Time,1.0009887218475342
ssGA,SSC,29,Time,1.0009055137634277
ssGA,SSC,3,Time,1.0010058879852295
ssGA,SSC,30,Time,1.0000557899475098
ssGA,SSC,4,Time,1.0000066757202148
ssGA,SSC,5,Time,1.0
ssGA,SSC,6,Time,1.0000121593475342
ssGA,SSC,7,Time,1.0009992122650146
ssGA,SSC,8,Time,1.0000114440917969
ssGA,SSC,9,Time,1.0000195503234863
ssGA,SSD,0,Fitness,73030.5
ssGA,SSD,1,Fitness,71850.6
ssGA,SSD,10,Fitness,72712.0
ssGA,SSD,11,Fitness,72598.6
ssGA,SSD,12,Fitness,74583.7
ssGA,SSD,13,Fitness,72318.1
ssGA,SSD,14,Fitness,74800.1
ssGA,SSD,15,Fitness,74151.6
ssGA,SSD,16,Fitness,72840.1
ssGA,SSD,17,Fitness,73857.4
ssGA,SSD,18,Fitness,73433.6
ssGA,SSD,19,Fitness,74691.0
ssGA,SSD,2,Fitness,79043.7
ssGA,SSD,20,Fitness,72685.9
ssGA,SSD,21,Fitness,72937.8
ssGA,SSD,22,Fitness,72437.4
ssGA,SSD,23,Fitness,75893.5
ssGA,SSD,24,Fitness,73444.3
ssGA,SSD,25,Fitness,73209.3
ssGA,SSD,26,Fitness,73037.5
ssGA,SSD,27,Fitness,73151.6
ssGA,SSD,28,Fitness,73760.2
ssGA,SSD,29,Fitness,73230.0
ssGA,SSD,3,Fitness,73292.8
ssGA,SSD,30,Fitness,76121.4
ssGA,SSD,4,Fitness,73617.6
ssGA,SSD,5,Fitness,74347.5
ssGA,SSD,6,Fitness,72303.1
ssGA,SSD,7,Fitness,72540.5
ssGA,SSD,8,Fitness,74981.8
ssGA,SSD,9,Fitness,73997.5
ssGA,SSD,0,Time,1.0009877681732178
ssGA,SSD,1,Time,1.0000104904174805
ssGA,SSD,10,Time,1.0000114440917969
ssGA,SSD,11,Time,1.0000989437103271
ssGA,SSD,12,Time,1.000000238418579
ssGA,SSD,13,Time,1.0000114440917969
ssGA,SSD,14,Time,1.000011920928955
ssGA,SSD,15,Time,1.0
ssGA,SSD,16,Time,1.0000112056732178
ssGA,SSD,17,Time,1.0009994506835938
ssGA,SSD,18,Time,1.0010144710540771
ssGA,SSD,19,Time,1.0009987354278564
ssGA,SSD,2,Time,1.0000183582305908
ssGA,SSD,20,Time,1.000007152557373
ssGA,SSD,21,Time,1.0000193119049072
ssGA,SSD,22,Time,1.0009982585906982
ssGA,SSD,23,Time,1.000014305114746
ssGA,SSD,24,Time,1.0009887218475342
ssGA,SSD,25,Time,1.0009870529174805
ssGA,SSD,26,Time,1.0000052452087402
ssGA,SSD,27,Time,1.0000011920928955
ssGA,SSD,28,Time,1.000000238418579
ssGA,SSD,29,Time,1.0009870529174805
ssGA,SSD,3,Time,1.0009074211120605
ssGA,SSD,30,Time,1.0000064373016357
ssGA,SSD,4,Time,1.0000114440917969
ssGA,SSD,5,Time,1.0000061988830566
ssGA,SSD,6,Time,1.0000083446502686
ssGA,SSD,7,Time,1.000079870223999
ssGA,SSD,8,Time,1.0009982585906982
ssGA,SSD,9,Time,1.0000121593475342
ssGA2,SSA,0,Fitness,300248.0
ssGA2,SSA,1,Fitness,300404.0
ssGA2,SSA,10,Fitness,300451.0
ssGA2,SSA,11,Fitness,300474.0
ssGA2,SSA,12,Fitness,300322.0
ssGA2,SSA,13,Fitness,300405.0
ssGA2,SSA,14,Fitness,300500.0
ssGA2,SSA,15,Fitness,300469.0
ssGA2,SSA,16,Fitness,300481.0
ssGA2,SSA,17,Fitness,300487.0
ssGA2,SSA,18,Fitness,300385.0
ssGA2,SSA,19,Fitness,300485.0
ssGA2,SSA,2,Fitness,300377.0
ssGA2,SSA,20,Fitness,300465.0
ssGA2,SSA,21,Fitness,300327.0
ssGA2,SSA,22,Fitness,300378.0
ssGA2,SSA,23,Fitness,300474.0
ssGA2,SSA,24,Fitness,300484.0
ssGA2,SSA,25,Fitness,300479.0
ssGA2,SSA,26,Fitness,300434.0
ssGA2,SSA,27,Fitness,300437.0
ssGA2,SSA,28,Fitness,300490.0
ssGA2,SSA,29,Fitness,300396.0
ssGA2,SSA,3,Fitness,300305.0
ssGA2,SSA,30,Fitness,300491.0
ssGA2,SSA,4,Fitness,300426.0
ssGA2,SSA,5,Fitness,300495.0
ssGA2,SSA,6,Fitness,300491.0
ssGA2,SSA,7,Fitness,300316.0
ssGA2,SSA,8,Fitness,300454.0
ssGA2,SSA,9,Fitness,300375.0
ssGA2,SSA,0,Time,1.000993013381958
ssGA2,SSA,1,Time,1.001000165939331
ssGA2,SSA,10,Time,1.0010077953338623
ssGA2,SSA,11,Time,1.0000112056732178
ssGA2,SSA,12,Time,1.0009965896606445
ssGA2,SSA,13,Time,1.0000097751617432
ssGA2,SSA,14,Time,1.000011682510376
ssGA2,SSA,15,Time,1.0009970664978027
ssGA2,SSA,16,Time,1.000009298324585
ssGA2,SSA,17,Time,1.0009973049163818
ssGA2,SSA,18,Time,1.0000019073486328
ssGA2,SSA,19,Time,1.0000004768371582
ssGA2,SSA,2,Time,1.0000100135803223
ssGA2,SSA,20,Time,1.000016212463379
ssGA2,SSA,21,Time,1.0000107288360596
ssGA2,SSA,22,Time,1.0009989738464355
ssGA2,SSA,23,Time,1.0010063648223877
ssGA2,SSA,24,Time,1.0000104904174805
ssGA2,SSA,25,Time,1.000215768814087
ssGA2,SSA,26,Time,1.0009965896606445
ssGA2,SSA,27,Time,1.0000085830688477
ssGA2,SSA,28,Time,1.0000102519989014
ssGA2,SSA,29,Time,1.0009806156158447
ssGA2,SSA,3,Time,1.0009996891021729
ssGA2,SSA,30,Time,1.000990629196167
ssGA2,SSA,4,Time,1.0000114440917969
ssGA2,SSA,5,Time,1.0010077953338623
ssGA2,SSA,6,Time,1.0000076293945312
ssGA2,SSA,7,Time,1.000011682510376
ssGA2,SSA,8,Time,1.000000238418579
ssGA2,SSA,9,Time,1.0000064373016357
ssGA2,SSB,0,Fitness,249319.0
ssGA2,SSB,1,Fitness,249651.0
ssGA2,SSB,10,Fitness,249733.0
ssGA2,SSB,11,Fitness,249961.0
ssGA2,SSB,12,Fitness,249890.0
ssGA2,SSB,13,Fitness,248879.0
ssGA2,SSB,14,Fitness,249709.0
ssGA2,SSB,15,Fitness,249697.0
ssGA2,SSB,16,Fitness,248981.0
ssGA2,SSB,17,Fitness,249993.0
ssGA2,SSB,18,Fitness,249968.0
ssGA2,SSB,19,Fitness,248762.0
ssGA2,SSB,2,Fitness,249736.0
ssGA2,SSB,20,Fitness,248859.0
ssGA2,SSB,21,Fitness,249871.0
ssGA2,SSB,22,Fitness,249713.0
ssGA2,SSB,23,Fitness,249753.0
ssGA2,SSB,24,Fitness,249748.0
ssGA2,SSB,25,Fitness,248901.0
ssGA2,SSB,26,Fitness,249843.0
ssGA2,SSB,27,Fitness,249206.0
ssGA2,SSB,28,Fitness,249902.0
ssGA2,SSB,29,Fitness,249735.0
ssGA2,SSB,3,Fitness,249977.0
ssGA2,SSB,30,Fitness,248968.0
ssGA2,SSB,4,Fitness,249610.0
ssGA2,SSB,5,Fitness,249523.0
ssGA2,SSB,6,Fitness,249837.0
ssGA2,SSB,7,Fitness,248662.0
ssGA2,SSB,8,Fitness,249686.0
ssGA2,SSB,9,Fitness,249367.0
ssGA2,SSB,0,Time,1.0000004768371582
ssGA2,SSB,1,Time,1.000011920928955
ssGA2,SSB,10,Time,1.0
ssGA2,SSB,11,Time,1.0010113716125488
ssGA2,SSB,12,Time,1.000110387802124
ssGA2,SSB,13,Time,1.000997543334961
ssGA2,SSB,14,Time,1.0009891986846924
ssGA2,SSB,15,Time,1.0009992122650146
ssGA2,SSB,16,Time,1.0000107288360596
ssGA2,SSB,17,Time,1.0009992122650146
ssGA2,SSB,18,Time,1.0011146068572998
ssGA2,SSB,19,Time,1.000011682510376
ssGA2,SSB,2,Time,1.0000112056732178
ssGA2,SSB,20,Time,1.0010099411010742
ssGA2,SSB,21,Time,1.0000004768371582
ssGA2,SSB,22,Time,1.0009994506835938
ssGA2,SSB,23,Time,1.0009984970092773
ssGA2,SSB,24,Time,1.001009464263916
ssGA2,SSB,25,Time,1.0000009536743164
ssGA2,SSB,26,Time,1.0000107288360596
ssGA2,SSB,27,Time,1.000009536743164
ssGA2,SSB,28,Time,1.0000090599060059
ssGA2,SSB,29,Time,1.0
ssGA2,SSB,3,Time,1.0009920597076416
ssGA2,SSB,30,Time,1.0000131130218506
ssGA2,SSB,4,Time,1.001000165939331
ssGA2,SSB,5,Time,1.0000004768371582
ssGA2,SSB,6,Time,1.0000076293945312
ssGA2,SSB,7,Time,1.0000030994415283
ssGA2,SSB,8,Time,1.0
ssGA2,SSB,9,Time,1.000011682510376
ssGA2,SSC,0,Fitness,138243.7
ssGA2,SSC,1,Fitness,139915.0
ssGA2,SSC,10,Fitness,139550.1
ssGA2,SSC,11,Fitness,137353.8
ssGA2,SSC,12,Fitness,137344.9
ssGA2,SSC,13,Fitness,138191.7
ssGA2,SSC,14,Fitness,138847.0
ssGA2,SSC,15,Fitness,138508.9
ssGA2,SSC,16,Fitness,138480.4
ssGA2,SSC,17,Fitness,140201.2
ssGA2,SSC,18,Fitness,137154.7
ssGA2,SSC,19,Fitness,137954.0
ssGA2,SSC,2,Fitness,137290.3
ssGA2,SSC,20,Fitness,138791.9
ssGA2,SSC,21,Fitness,140114.9
ssGA2,SSC,22,Fitness,139051.5
ssGA2,SSC,23,Fitness,138555.1
ssGA2,SSC,24,Fitness,139093.8
ssGA2,SSC,25,Fitness,139234.1
ssGA2,SSC,26,Fitness,138697.3
ssGA2,SSC,27,Fitness,138266.9
ssGA2,SSC,28,Fitness,137512.1
ssGA2,SSC,29,Fitness,138111.3
ssGA2,SSC,3,Fitness,138918.5
ssGA2,SSC,30,Fitness,138456.3
ssGA2,SSC,4,Fitness,137488.0
ssGA2,SSC,5,Fitness,136399.5
ssGA2,SSC,6,Fitness,137476.4
ssGA2,SSC,7,Fitness,138001.7
ssGA2,SSC,8,Fitness,139519.2
ssGA2,SSC,9,Fitness,138121.5
ssGA2,SSC,0,Time,1.0000004768371582
ssGA2,SSC,1,Time,1.000011682510376
ssGA2,SSC,10,Time,1.000000238418579
ssGA2,SSC,11,Time,1.0000114440917969
ssGA2,SSC,12,Time,1.0000126361846924
ssGA2,SSC,13,Time,1.000016212463379
ssGA2,SSC,14,Time,1.0000078678131104
ssGA2,SSC,15,Time,1.0010120868682861
ssGA2,SSC,16,Time,1.000000238418579
ssGA2,SSC,17,Time,1.0000114440917969
ssGA2,SSC,18,Time,1.0000102519989014
ssGA2,SSC,19,Time,1.0000011920928955
ssGA2,SSC,2,Time,1.000011682510376
ssGA2,SSC,20,Time,1.0009994506835938
ssGA2,SSC,21,Time,1.0000121593475342
ssGA2,SSC,22,Time,1.0
ssGA2,SSC,23,Time,1.000000238418579
ssGA2,SSC,24,Time,1.000011920928955
ssGA2,SSC,25,Time,1.0
ssGA2,SSC,26,Time,1.0009920597076416
ssGA2,SSC,27,Time,1.0010006427764893
ssGA2,SSC,28,Time,1.0009982585906982
ssGA2,SSC,29,Time,1.0009922981262207
ssGA2,SSC,3,Time,1.000000238418579
ssGA2,SSC,30,Time,1.0000691413879395
ssGA2,SSC,4,Time,1.0000193119049072
ssGA2,SSC,5,Time,1.0000104904174805
ssGA2,SSC,6,Time,1.000009298324585
ssGA2,SSC,7,Time,1.000002145767212
ssGA2,SSC,8,Time,1.000000238418579
ssGA2,SSC,9,Time,1.0000488758087158
ssGA2,SSD,0,Fitness,73122.0
ssGA2,SSD,1,Fitness,74221.6
ssGA2,SSD,10,Fitness,72805.1
ssGA2,SSD,11,Fitness,73008.9
ssGA2,SSD,12,Fitness,73775.3
ssGA2,SSD,13,Fitness,72919.4
ssGA2,SSD,14,Fitness,73537.1
ssGA2,SSD,15,Fitness,72613.9
ssGA2,SSD,16,Fitness,72020.3
ssGA2,SSD,17,Fitness,75965.5
ssGA2,SSD,18,Fitness,72498.3
ssGA2,SSD,19,Fitness,73292.4
ssGA2,SSD,2,Fitness,72881.4
ssGA2,SSD,20,Fitness,74623.2
ssGA2,SSD,21,Fitness,72255.6
ssGA2,SSD,22,Fitness,73557.8
ssGA2,SSD,23,Fitness,76153.3
ssGA2,SSD,24,Fitness,74476.9
ssGA2,SSD,25,Fitness,73998.1
ssGA2,SSD,26,Fitness,73931.1
ssGA2,SSD,27,Fitness,74850.3
ssGA2,SSD,28,Fitness,73526.2
ssGA2,SSD,29,Fitness,72334.7
ssGA2,SSD,3,Fitness,72951.9
ssGA2,SSD,30,Fitness,72802.2
ssGA2,SSD,4,Fitness,73589.9
ssGA2,SSD,5,Fitness,72858.9
ssGA2,SSD,6,Fitness,72029.8
ssGA2,SSD,7,Fitness,73513.6
ssGA2,SSD,8,Fitness,75026.8
ssGA2,SSD,9,Fitness,73371.4
ssGA2,SSD,0,Time,1.000999927520752
ssGA2,SSD,1,Time,1.0000107288360596
ssGA2,SSD,10,Time,1.000011682510376
ssGA2,SSD,11,Time,1.0000083446502686
ssGA2,SSD,12,Time,1.000011920928955
ssGA2,SSD,13,Time,1.000011682510376
ssGA2,SSD,14,Time,1.0000195503234863
ssGA2,SSD,15,Time,1.0000011920928955
ssGA2,SSD,16,Time,1.0
ssGA2,SSD,17,Time,1.0000009536743164
ssGA2,SSD,18,Time,1.000007152557373
ssGA2,SSD,19,Time,1.000011682510376
ssGA2,SSD,2,Time,1.0000004768371582
ssGA2,SSD,20,Time,1.000011920928955
ssGA2,SSD,21,Time,1.000013828277588
ssGA2,SSD,22,Time,1.0010170936584473
ssGA2,SSD,23,Time,1.0009920597076416
ssGA2,SSD,24,Time,1.000988245010376
ssGA2,SSD,25,Time,1.000002145767212
ssGA2,SSD,26,Time,1.0009992122650146
ssGA2,SSD,27,Time,1.000009298324585
ssGA2,SSD,28,Time,1.0009984970092773
ssGA2,SSD,29,Time,1.0010075569152832
ssGA2,SSD,3,Time,1.0
ssGA2,SSD,30,Time,1.0010178089141846
ssGA2,SSD,4,Time,1.000011920928955
ssGA2,SSD,5,Time,1.0
ssGA2,SSD,6,Time,1.0002336502075195
ssGA2,SSD,7,Time,1.0008671283721924
ssGA2,SSD,8,Time,1.0009992122650146
ssGA2,SSD,9,Time,1.0000114440917969
ssGA3,SSA,0,Fitness,300411.0
ssGA3,SSA,1,Fitness,300353.0
ssGA3,SSA,10,Fitness,300492.0
ssGA3,SSA,11,Fitness,300429.0
ssGA3,SSA,12,Fitness,300495.0
ssGA3,SSA,13,Fitness,300458.0
ssGA3,SSA,14,Fitness,300497.0
ssGA3,SSA,15,Fitness,300486.0
ssGA3,SSA,16,Fitness,300472.0
ssGA3,SSA,17,Fitness,300455.0
ssGA3,SSA,18,Fitness,300493.0
ssGA3,SSA,19,Fitness,300466.0
ssGA3,SSA,2,Fitness,300414.0
ssGA3,SSA,20,Fitness,300430.0
ssGA3,SSA,21,Fitness,300393.0
ssGA3,SSA,22,Fitness,300361.0
ssGA3,SSA,23,Fitness,300474.0
ssGA3,SSA,24,Fitness,300476.0
ssGA3,SSA,25,Fitness,300468.0
ssGA3,SSA,26,Fitness,300468.0
ssGA3,SSA,27,Fitness,300500.0
ssGA3,SSA,28,Fitness,300499.0
ssGA3,SSA,29,Fitness,300438.0
ssGA3,SSA,3,Fitness,300461.0
ssGA3,SSA,30,Fitness,300467.0
ssGA3,SSA,4,Fitness,300495.0
ssGA3,SSA,5,Fitness,300473.0
ssGA3,SSA,6,Fitness,300492.0
ssGA3,SSA,7,Fitness,300493.0
ssGA3,SSA,8,Fitness,300481.0
ssGA3,SSA,9,Fitness,300429.0
ssGA3,SSA,0,Time,1.0000066757202148
ssGA3,SSA,1,Time,1.0010054111480713
ssGA3,SSA,10,Time,1.0009891986846924
ssGA3,SSA,11,Time,1.000011682510376
ssGA3,SSA,12,Time,1.001011848449707
ssGA3,SSA,13,Time,1.0000014305114746
ssGA3,SSA,14,Time,1.000009536743164
ssGA3,SSA,15,Time,1.0000107288360596
ssGA3,SSA,16,Time,1.0000009536743164
ssGA3,SSA,17,Time,1.0000052452087402
ssGA3,SSA,18,Time,1.0010032653808594
ssGA3,SSA,19,Time,1.000011920928955
ssGA3,SSA,2,Time,1.0000112056732178
ssGA3,SSA,20,Time,1.000990629196167
ssGA3,SSA,21,Time,1.0000014305114746
ssGA3,SSA,22,Time,1.0009894371032715
ssGA3,SSA,23,Time,1.0000019073486328
ssGA3,SSA,24,Time,1.0009984970092773
ssGA3,SSA,25,Time,1.0009984970092773
ssGA3,SSA,26,Time,1.0008437633514404
ssGA3,SSA,27,Time,1.0000004768371582
ssGA3,SSA,28,Time,1.0009994506835938
ssGA3,SSA,29,Time,1.0009918212890625
ssGA3,SSA,3,Time,1.0009992122650146
ssGA3,SSA,30,Time,1.000995397567749
ssGA3,SSA,4,Time,1.0000004768371582
ssGA3,SSA,5,Time,1.0
ssGA3,SSA,6,Time,1.0009992122650146
ssGA3,SSA,7,Time,1.0010082721710205
ssGA3,SSA,8,Time,1.0000102519989014
ssGA3,SSA,9,Time,1.0000078678131104
ssGA3,SSB,0,Fitness,249937.0
ssGA3,SSB,1,Fitness,249845.0
ssGA3,SSB,10,Fitness,249219.0
ssGA3,SSB,11,Fitness,249759.0
ssGA3,SSB,12,Fitness,249693.0
ssGA3,SSB,13,Fitness,249880.0
ssGA3,SSB,14,Fitness,249491.0
ssGA3,SSB,15,Fitness,248975.0
ssGA3,SSB,16,Fitness,249896.0
ssGA3,SSB,17,Fitness,248278.0
ssGA3,SSB,18,Fitness,249450.0
ssGA3,SSB,19,Fitness,246840.0
ssGA3,SSB,2,Fitness,249906.0
ssGA3,SSB,20,Fitness,248837.0
ssGA3,SSB,21,Fitness,249293.0
ssGA3,SSB,22,Fitness,246329.0
ssGA3,SSB,23,Fitness,249356.0
ssGA3,SSB,24,Fitness,249985.0
ssGA3,SSB,25,Fitness,249649.0
ssGA3,SSB,26,Fitness,249889.0
ssGA3,SSB,27,Fitness,249582.0
ssGA3,SSB,28,Fitness,249746.0
ssGA3,SSB,29,Fitness,248690.0
ssGA3,SSB,3,Fitness,249750.0
ssGA3,SSB,30,Fitness,249680.0
ssGA3,SSB,4,Fitness,249899.0
ssGA3,SSB,5,Fitness,248821.0
ssGA3,SSB,6,Fitness,249285.0
ssGA3,SSB,7,Fitness,249353.0
ssGA3,SSB,8,Fitness,249962.0
ssGA3,SSB,9,Fitness,249940.0
ssGA3,SSB,0,Time,1.0000102519989014
ssGA3,SSB,1,Time,1.0009875297546387
ssGA3,SSB,10,Time,1.0002024173736572
ssGA3,SSB,11,Time,1.0009989738464355
ssGA3,SSB,12,Time,1.0008957386016846
ssGA3,SSB,13,Time,1.0000112056732178
ssGA3,SSB,14,Time,1.0000114440917969
ssGA3,SSB,15,Time,1.0009982585906982
ssGA3,SSB,16,Time,1.0000078678131104
ssGA3,SSB,17,Time,1.000997543334961
ssGA3,SSB,18,Time,1.0009992122650146
ssGA3,SSB,19,Time,1.001007080078125
ssGA3,SSB,2,Time,1.0009877681732178
ssGA3,SSB,20,Time,1.0000090599060059
ssGA3,SSB,21,Time,1.000002145767212
ssGA3,SSB,22,Time,1.0000026226043701
ssGA3,SSB,23,Time,1.0000038146972656
ssGA3,SSB,24,Time,1.0000059604644775
ssGA3,SSB,25,Time,1.0009877681732178
ssGA3,SSB,26,Time,1.0000081062316895
ssGA3,SSB,27,Time,1.0
ssGA3,SSB,28,Time,1.0009894371032715
ssGA3,SSB,29,Time,1.0009984970092773
ssGA3,SSB,3,Time,1.0000004768371582
ssGA3,SSB,30,Time,1.0000100135803223
ssGA3,SSB,4,Time,1.0000085830688477
ssGA3,SSB,5,Time,1.0000104904174805
ssGA3,SSB,6,Time,1.0007197856903076
ssGA3,SSB,7,Time,1.0009992122650146
ssGA3,SSB,8,Time,1.00099778175354
ssGA3,SSB,9,Time,1.0000038146972656
ssGA3,SSC,0,Fitness,139602.4
ssGA3,SSC,1,Fitness,136937.9
ssGA3,SSC,10,Fitness,138134.5
ssGA3,SSC,11,Fitness,137985.1
ssGA3,SSC,12,Fitness,138524.5
ssGA3,SSC,13,Fitness,138598.2
ssGA3,SSC,14,Fitness,139336.2
ssGA3,SSC,15,Fitness,139804.1
ssGA3,SSC,16,Fitness,137653.5
ssGA3,SSC,17,Fitness,138532.6
ssGA3,SSC,18,Fitness,139242.1
ssGA3,SSC,19,Fitness,138562.6
ssGA3,SSC,2,Fitness,137387.5
ssGA3,SSC,20,Fitness,139336.5
ssGA3,SSC,21,Fitness,138211.8
ssGA3,SSC,22,Fitness,138838.3
ssGA3,SSC,23,Fitness,137234.3
ssGA3,SSC,24,Fitness,138943.4
ssGA3,SSC,25,Fitness,140390.5
ssGA3,SSC,26,Fitness,138393.1
ssGA3,SSC,27,Fitness,139495.8
ssGA3,SSC,28,Fitness,138803.4
ssGA3,SSC,29,Fitness,138965.6
ssGA3,SSC,3,Fitness,137439.9
ssGA3,SSC,30,Fitness,139045.9
ssGA3,SSC,4,Fitness,137947.2
ssGA3,SSC,5,Fitness,138890.0
ssGA3,SSC,6,Fitness,140672.2
ssGA3,SSC,7,Fitness,137606.4
ssGA3,SSC,8,Fitness,138887.6
ssGA3,SSC,9,Fitness,138023.4
ssGA3,SSC,0,Time,1.0000121593475342
ssGA3,SSC,1,Time,1.000011682510376
ssGA3,SSC,10,Time,1.0000114440917969
ssGA3,SSC,11,Time,1.0000083446502686
ssGA3,SSC,12,Time,1.0000104904174805
ssGA3,SSC,13,Time,1.0000112056732178
ssGA3,SSC,14,Time,1.0010066032409668
ssGA3,SSC,15,Time,1.000016689300537
ssGA3,SSC,16,Time,1.0000026226043701
ssGA3,SSC,17,Time,1.0000114440917969
ssGA3,SSC,18,Time,1.0000109672546387
ssGA3,SSC,19,Time,1.0000007152557373
ssGA3,SSC,2,Time,1.0000004768371582
ssGA3,SSC,20,Time,1.0000016689300537
ssGA3,SSC,21,Time,1.0000004768371582
ssGA3,SSC,22,Time,1.000990867614746
ssGA3,SSC,23,Time,1.0009887218475342
ssGA3,SSC,24,Time,1.0004990100860596
ssGA3,SSC,25,Time,1.000011920928955
ssGA3,SSC,26,Time,1.0009922981262207
ssGA3,SSC,27,Time,1.0009901523590088
ssGA3,SSC,28,Time,1.0001792907714844
ssGA3,SSC,29,Time,1.0009987354278564
ssGA3,SSC,3,Time,1.0
ssGA3,SSC,30,Time,1.000000238418579
ssGA3,SSC,4,Time,1.000981330871582
ssGA3,SSC,5,Time,1.0000109672546387
ssGA3,SSC,6,Time,1.000988245010376
ssGA3,SSC,7,Time,1.000011920928955
ssGA3,SSC,8,Time,1.0000004768371582
ssGA3,SSC,9,Time,1.000009298324585
ssGA3,SSD,0,Fitness,73779.3
ssGA3,SSD,1,Fitness,73591.6
ssGA3,SSD,10,Fitness,73248.9
ssGA3,SSD,11,Fitness,74282.3
ssGA3,SSD,12,Fitness,75196.8
ssGA3,SSD,13,Fitness,72292.8
ssGA3,SSD,14,Fitness,72773.7
ssGA3,SSD,15,Fitness,74583.5
ssGA3,SSD,16,Fitness,73827.4
ssGA3,SSD,17,Fitness,72804.6
ssGA3,SSD,18,Fitness,74002.0
ssGA3,SSD,19,Fitness,74421.7
ssGA3,SSD,2,Fitness,74834.3
ssGA3,SSD,20,Fitness,71750.2
ssGA3,SSD,21,Fitness,73571.8
ssGA3,SSD,22,Fitness,73992.6
ssGA3,SSD,23,Fitness,74786.7
ssGA3,SSD,24,Fitness,73912.4
ssGA3,SSD,25,Fitness,73296.6
ssGA3,SSD,26,Fitness,74268.2
ssGA3,SSD,27,Fitness,72141.6
ssGA3,SSD,28,Fitness,75414.1
ssGA3,SSD,29,Fitness,72947.1
ssGA3,SSD,3,Fitness,74208.7
ssGA3,SSD,30,Fitness,73365.9
ssGA3,SSD,4,Fitness,74648.2
ssGA3,SSD,5,Fitness,74669.7
ssGA3,SSD,6,Fitness,71666.9
ssGA3,SSD,7,Fitness,74593.2
ssGA3,SSD,8,Fitness,72256.8
ssGA3,SSD,9,Fitness,73366.2
ssGA3,SSD,0,Time,1.0000102519989014
ssGA3,SSD,1,Time,1.000006914138794
ssGA3,SSD,10,Time,1.0009965896606445
ssGA3,SSD,11,Time,1.00001859664917
ssGA3,SSD,12,Time,1.0009939670562744
ssGA3,SSD,13,Time,1.0
ssGA3,SSD,14,Time,1.000018835067749
ssGA3,SSD,15,Time,1.0000104904174805
ssGA3,SSD,16,Time,1.0009891986846924
ssGA3,SSD,17,Time,1.0009992122650146
ssGA3,SSD,18,Time,1.0000064373016357
ssGA3,SSD,19,Time,1.0000107288360596
ssGA3,SSD,2,Time,1.0010099411010742
ssGA3,SSD,20,Time,1.000006914138794
ssGA3,SSD,21,Time,1.0000009536743164
ssGA3,SSD,22,Time,1.0009987354278564
ssGA3,SSD,23,Time,1.0000107288360596
ssGA3,SSD,24,Time,1.000014305114746
ssGA3,SSD,25,Time,1.0010104179382324
ssGA3,SSD,26,Time,1.000011682510376
ssGA3,SSD,27,Time,1.0000114440917969
ssGA3,SSD,28,Time,1.0010077953338623
ssGA3,SSD,29,Time,1.0000076293945312
ssGA3,SSD,3,Time,1.0000011920928955
ssGA3,SSD,30,Time,1.0009973049163818
ssGA3,SSD,4,Time,1.0000078678131104
ssGA3,SSD,5,Time,1.0000073909759521
ssGA3,SSD,6,Time,1.0000159740447998
ssGA3,SSD,7,Time,1.0
ssGA3,SSD,8,Time,1.0010113716125488
ssGA3,SSD,9,Time,1.0000016689300537
ssGA4,SSA,0,Fitness,300469.0
ssGA4,SSA,1,Fitness,300499.0
ssGA4,SSA,10,Fitness,300493.0
ssGA4,SSA,11,Fitness,300494.0
ssGA4,SSA,12,Fitness,300427.0
ssGA4,SSA,13,Fitness,300490.0
ssGA4,SSA,14,Fitness,300492.0
ssGA4,SSA,15,Fitness,300473.0
ssGA4,SSA,16,Fitness,300485.0
ssGA4,SSA,17,Fitness,300491.0
ssGA4,SSA,18,Fitness,300435.0
ssGA4,SSA,19,Fitness,300469.0
ssGA4,SSA,2,Fitness,300497.0
ssGA4,SSA,20,Fitness,300498.0
ssGA4,SSA,21,Fitness,300481.0
ssGA4,SSA,22,Fitness,300500.0
ssGA4,SSA,23,Fitness,300440.0
ssGA4,SSA,24,Fitness,300325.0
ssGA4,SSA,25,Fitness,300429.0
ssGA4,SSA,26,Fitness,300459.0
ssGA4,SSA,27,Fitness,300488.0
ssGA4,SSA,28,Fitness,300492.0
ssGA4,SSA,29,Fitness,300443.0
ssGA4,SSA,3,Fitness,300483.0
ssGA4,SSA,30,Fitness,300489.0
ssGA4,SSA,4,Fitness,300445.0
ssGA4,SSA,5,Fitness,300468.0
ssGA4,SSA,6,Fitness,300489.0
ssGA4,SSA,7,Fitness,300388.0
ssGA4,SSA,8,Fitness,300434.0
ssGA4,SSA,9,Fitness,300486.0
ssGA4,SSA,0,Time,1.0010111331939697
ssGA4,SSA,1,Time,1.000000238418579
ssGA4,SSA,10,Time,1.0009996891021729
ssGA4,SSA,11,Time,1.0000112056732178
ssGA4,SSA,12,Time,1.0
ssGA4,SSA,13,Time,1.0000004768371582
ssGA4,SSA,14,Time,1.0000097751617432
ssGA4,SSA,15,Time,1.000011920928955
ssGA4,SSA,16,Time,1.0009996891021729
ssGA4,SSA,17,Time,1.0009896755218506
ssGA4,SSA,18,Time,1.0
ssGA4,SSA,19,Time,1.0010185241699219
ssGA4,SSA,2,Time,1.000988483428955
ssGA4,SSA,20,Time,1.0009820461273193
ssGA4,SSA,21,Time,1.0
ssGA4,SSA,22,Time,1.0009992122650146
ssGA4,SSA,23,Time,1.000000238418579
ssGA4,SSA,24,Time,1.0009963512420654
ssGA4,SSA,25,Time,1.0001323223114014
ssGA4,SSA,26,Time,1.0000009536743164
ssGA4,SSA,27,Time,1.0000109672546387
ssGA4,SSA,28,Time,1.0009870529174805
ssGA4,SSA,29,Time,1.0009808540344238
ssGA4,SSA,3,Time,1.0009996891021729
ssGA4,SSA,30,Time,1.000009298324585
ssGA4,SSA,4,Time,1.0000076293945312
ssGA4,SSA,5,Time,1.0000019073486328
ssGA4,SSA,6,Time,1.0010111331939697
ssGA4,SSA,7,Time,1.0009996891021729
ssGA4,SSA,8,Time,1.000004529953003
ssGA4,SSA,9,Time,1.0000121593475342
ssGA4,SSB,0,Fitness,249258.0
ssGA4,SSB,1,Fitness,249948.0
ssGA4,SSB,10,Fitness,249698.0
ssGA4,SSB,11,Fitness,249727.0
ssGA4,SSB,12,Fitness,249318.0
ssGA4,SSB,13,Fitness,249837.0
ssGA4,SSB,14,Fitness,248152.0
ssGA4,SSB,15,Fitness,249511.0
ssGA4,SSB,16,Fitness,249933.0
ssGA4,SSB,17,Fitness,249735.0
ssGA4,SSB,18,Fitness,249818.0
ssGA4,SSB,19,Fitness,249321.0
ssGA4,SSB,2,Fitness,247624.0
ssGA4,SSB,20,Fitness,249703.0
ssGA4,SSB,21,Fitness,248364.0
ssGA4,SSB,22,Fitness,249716.0
ssGA4,SSB,23,Fitness,249463.0
ssGA4,SSB,24,Fitness,249765.0
ssGA4,SSB,25,Fitness,249336.0
ssGA4,SSB,26,Fitness,249352.0
ssGA4,SSB,27,Fitness,249300.0
ssGA4,SSB,28,Fitness,249709.0
ssGA4,SSB,29,Fitness,249835.0
ssGA4,SSB,3,Fitness,248365.0
ssGA4,SSB,30,Fitness,248592.0
ssGA4,SSB,4,Fitness,249567.0
ssGA4,SSB,5,Fitness,249485.0
ssGA4,SSB,6,Fitness,249641.0
ssGA4,SSB,7,Fitness,249825.0
ssGA4,SSB,8,Fitness,249745.0
ssGA4,SSB,9,Fitness,249982.0
ssGA4,SSB,0,Time,1.000011682510376
ssGA4,SSB,1,Time,1.0001235008239746
ssGA4,SSB,10,Time,1.0000174045562744
ssGA4,SSB,11,Time,1.001007318496704
ssGA4,SSB,12,Time,1.0009970664978027
ssGA4,SSB,13,Time,1.0000109672546387
ssGA4,SSB,14,Time,1.0000200271606445
ssGA4,SSB,15,Time,1.000006914138794
ssGA4,SSB,16,Time,1.0009970664978027
ssGA4,SSB,17,Time,1.0000007152557373
ssGA4,SSB,18,Time,1.0000076293945312
ssGA4,SSB,19,Time,1.0000061988830566
ssGA4,SSB,2,Time,1.0000112056732178
ssGA4,SSB,20,Time,1.000011682510376
ssGA4,SSB,21,Time,1.0009996891021729
ssGA4,SSB,22,Time,1.001009464263916
ssGA4,SSB,23,Time,1.000997543334961
ssGA4,SSB,24,Time,1.0009996891021729
ssGA4,SSB,25,Time,1.0000102519989014
ssGA4,SSB,26,Time,1.0009992122650146
ssGA4,SSB,27,Time,1.0000922679901123
ssGA4,SSB,28,Time,1.0000102519989014
ssGA4,SSB,29,Time,1.0000107288360596
ssGA4,SSB,3,Time,1.0000114440917969
ssGA4,SSB,30,Time,1.0009982585906982
ssGA4,SSB,4,Time,1.0000088214874268
ssGA4,SSB,5,Time,1.0009875297546387
ssGA4,SSB,6,Time,1.0000104904174805
ssGA4,SSB,7,Time,1.001009464263916
ssGA4,SSB,8,Time,1.0009822845458984
ssGA4,SSB,9,Time,1.0000016689300537
ssGA4,SSC,0,Fitness,140305.1
ssGA4,SSC,1,Fitness,137564.7
ssGA4,SSC,10,Fitness,136204.8
ssGA4,SSC,11,Fitness,138915.0
ssGA4,SSC,12,Fitness,139612.6
ssGA4,SSC,13,Fitness,136177.3
ssGA4,SSC,14,Fitness,137835.2
ssGA4,SSC,15,Fitness,138619.2
ssGA4,SSC,16,Fitness,139992.0
ssGA4,SSC,17,Fitness,138494.0
ssGA4,SSC,18,Fitness,141093.3
ssGA4,SSC,19,Fitness,141290.0
ssGA4,SSC,2,Fitness,138453.7
ssGA4,SSC,20,Fitness,139376.9
ssGA4,SSC,21,Fitness,138130.1
ssGA4,SSC,22,Fitness,137821.6
ssGA4,SSC,23,Fitness,137482.7
ssGA4,SSC,24,Fitness,138618.9
ssGA4,SSC,25,Fitness,136410.7
ssGA4,SSC,26,Fitness,139795.5
ssGA4,SSC,27,Fitness,138333.7
ssGA4,SSC,28,Fitness,137838.2
ssGA4,SSC,29,Fitness,137445.2
ssGA4,SSC,3,Fitness,136828.3
ssGA4,SSC,30,Fitness,138074.8
ssGA4,SSC,4,Fitness,137131.0
ssGA4,SSC,5,Fitness,139680.8
ssGA4,SSC,6,Fitness,140765.5
ssGA4,SSC,7,Fitness,139469.9
ssGA4,SSC,8,Fitness,137784.5
ssGA4,SSC,9,Fitness,137997.4
ssGA4,SSC,0,Time,1.0000104904174805
ssGA4,SSC,1,Time,1.0009992122650146
ssGA4,SSC,10,Time,1.000011682510376
ssGA4,SSC,11,Time,1.000011920928955
ssGA4,SSC,12,Time,1.0000114440917969
ssGA4,SSC,13,Time,1.0000014305114746
ssGA4,SSC,14,Time,1.0000004768371582
ssGA4,SSC,15,Time,1.000016212463379
ssGA4,SSC,16,Time,1.0000104904174805
ssGA4,SSC,17,Time,1.0000123977661133
ssGA4,SSC,18,Time,1.0000090599060059
ssGA4,SSC,19,Time,1.0000078678131104
ssGA4,SSC,2,Time,1.0000059604644775
ssGA4,SSC,20,Time,1.0000109672546387
ssGA4,SSC,21,Time,1.001009464263916
ssGA4,SSC,22,Time,1.0000088214874268
ssGA4,SSC,23,Time,1.0001635551452637
ssGA4,SSC,24,Time,1.0000481605529785
ssGA4,SSC,25,Time,1.000009536743164
ssGA4,SSC,26,Time,1.0
ssGA4,SSC,27,Time,1.0000066757202148
ssGA4,SSC,28,Time,1.0001165866851807
ssGA4,SSC,29,Time,1.0010082721710205
ssGA4,SSC,3,Time,1.00101900100708
ssGA4,SSC,30,Time,1.0009984970092773
ssGA4,SSC,4,Time,1.0
ssGA4,SSC,5,Time,1.000011682510376
ssGA4,SSC,6,Time,1.0009939670562744
ssGA4,SSC,7,Time,1.0010087490081787
ssGA4,SSC,8,Time,1.0010004043579102
ssGA4,SSC,9,Time,1.0000114440917969
ssGA4,SSD,0,Fitness,73937.0
ssGA4,SSD,1,Fitness,72826.1
ssGA4,SSD,10,Fitness,73267.9
ssGA4,SSD,11,Fitness,71524.7
ssGA4,SSD,12,Fitness,74135.2
ssGA4,SSD,13,Fitness,72708.7
ssGA4,SSD,14,Fitness,72533.3
ssGA4,SSD,15,Fitness,72482.0
ssGA4,SSD,16,Fitness,73847.5
ssGA4,SSD,17,Fitness,72608.1
ssGA4,SSD,18,Fitness,72097.8
ssGA4,SSD,19,Fitness,73072.6
ssGA4,SSD,2,Fitness,73207.7
ssGA4,SSD,20,Fitness,73800.0
ssGA4,SSD,21,Fitness,72166.0
ssGA4,SSD,22,Fitness,74747.5
ssGA4,SSD,23,Fitness,72741.6
ssGA4,SSD,24,Fitness,73168.8
ssGA4,SSD,25,Fitness,73396.1
ssGA4,SSD,26,Fitness,75483.8
ssGA4,SSD,27,Fitness,74723.9
ssGA4,SSD,28,Fitness,77463.8
ssGA4,SSD,29,Fitness,72988.0
ssGA4,SSD,3,Fitness,72360.1
ssGA4,SSD,30,Fitness,74077.5
ssGA4,SSD,4,Fitness,73814.6
ssGA4,SSD,5,Fitness,73081.4
ssGA4,SSD,6,Fitness,72877.3
ssGA4,SSD,7,Fitness,76992.6
ssGA4,SSD,8,Fitness,72151.2
ssGA4,SSD,9,Fitness,74483.3
ssGA4,SSD,0,Time,1.0000085830688477
ssGA4,SSD,1,Time,1.0000004768371582
ssGA4,SSD,10,Time,1.0000007152557373
ssGA4,SSD,11,Time,1.0000028610229492
ssGA4,SSD,12,Time,1.000011682510376
ssGA4,SSD,13,Time,1.0000107288360596
ssGA4,SSD,14,Time,1.000000238418579
ssGA4,SSD,15,Time,1.000997543334961
ssGA4,SSD,16,Time,1.0000102519989014
ssGA4,SSD,17,Time,1.0000197887420654
ssGA4,SSD,18,Time,1.0000112056732178
ssGA4,SSD,19,Time,1.000006914138794
ssGA4,SSD,2,Time,1.0000007152557373
ssGA4,SSD,20,Time,1.000016450881958
ssGA4,SSD,21,Time,1.000006914138794
ssGA4,SSD,22,Time,1.0000011920928955
ssGA4,SSD,23,Time,1.0009877681732178
ssGA4,SSD,24,Time,1.0000014305114746
ssGA4,SSD,25,Time,1.0
ssGA4,SSD,26,Time,1.0009994506835938
ssGA4,SSD,27,Time,1.0009894371032715
ssGA4,SSD,28,Time,1.0000104904174805
ssGA4,SSD,29,Time,1.000988245010376
ssGA4,SSD,3,Time,1.001000165939331
ssGA4,SSD,30,Time,1.0009911060333252
ssGA4,SSD,4,Time,1.0000076293945312
ssGA4,SSD,5,Time,1.0000100135803223
ssGA4,SSD,6,Time,1.0000076293945312
ssGA4,SSD,7,Time,1.000011920928955
ssGA4,SSD,8,Time,1.000011920928955
ssGA4,SSD,9,Time,1.0000107288360596
